album,album_artist,album_year,track_number,track_title,track_artist,sample_type,sample_title,sample_artist,sample_year,sample_element,sample_image_url
Like Water for Chocolate,Common,2000,1,The Light,Common,sampled,Open Your Eyes,Bobby Caldwell,1980,Multiple Elements,https://www.whosampled.com/static/images/media/track_images_100/mr2_20081114_112144509443.jpg
Like Water for Chocolate,Common,2000,1,The Light,Common,sampled,You're Getting a Little Too Smart,Detroit Emeralds,1973,Drums,https://www.whosampled.com/static/images/media/track_images_100/mr1544_2009820_115425225823.jpg
Like Water for Chocolate,Common,2000,1,The Light,Common,sampled,Track 3 (Another Batch),J Dilla,1998,Multiple Elements,https://www.whosampled.com/static/images/redesign/misc/no_artwork.png
Like Water for Chocolate,Common,2000,1,The Light,Common,was sampled in,Good Flirts,Baby Keem feat. Kendrick Lamar and Momo Boyd,2026,Vocals / Lyrics,https://www.whosampled.com/static/images/media/track_images_100/mr417786_2026220_4547186084.jpg
Like Water for Chocolate,Common,2000,1,The Light,Common,was sampled in,I Love Her Again,J. Cole,2026,Vocals / Lyrics,https://www.whosampled.com/static/images/media/track_images_100/mr41548_202626_840637399.jpg
Like Water for Chocolate,Common,2000,1,The Light,Common,was sampled in,713,The Carters,2018,Vocals / Lyrics,https://www.whosampled.com/static/images/media/track_images_100/mr219512_2018617_164630206314.jpg
Like Water for Chocolate,Common,2000,1,The Light,Common,was sampled in,Hip Hop,Royce Da 5'9'',2004,Vocals / Lyrics,https://www.whosampled.com/static/images/media/track_images_100/mr2763_2009125_1903568629.jpg
Like Water for Chocolate,Common,2000,1,The Light,Common,was sampled in,Heaven on Earth,Wale feat. Chris Brown,2017,Vocals / Lyrics,https://www.whosampled.com/static/images/media/track_images_100/mr40825_2017511_32838268522.jpg
Like Water for Chocolate,Common,2000,1,The Light,Common,was sampled in,Falsehood,Kendrick Lamar,2022,Vocals / Lyrics,https://www.whosampled.com/static/images/media/track_images_100/mr271616_202357_12842398232.jpg
Like Water for Chocolate,Common,2000,1,The Light,Common,was sampled in,Love Like This,Natasha Bedingfield and Sean Kingston,2007,Vocals / Lyrics,https://www.whosampled.com/static/images/media/track_images_100/mr38121_2020423_19746743247.jpg
Like Water for Chocolate,Common,2000,1,The Light,Common,was sampled in,Dear Dilla,Phife Dawg,2014,Multiple Elements,https://www.whosampled.com/static/images/media/track_images_100/mr12352_2014121_224116830424.jpg
Like Water for Chocolate,Common,2000,1,The Light,Common,was sampled in,J'Aimerais (IJKL...NOP),Hocus Pocus,2005,Vocals / Lyrics,https://www.whosampled.com/static/images/media/track_images_100/mr17137_2012111_35659880643.jpg
Like Water for Chocolate,Common,2000,1,The Light,Common,was sampled in,The Light (Outro),Kooley High,2009,Multiple Elements,https://www.whosampled.com/static/images/media/track_images_100/mr39920_2012129_151417584777.jpg
Like Water for Chocolate,Common,2000,1,The Light,Common,was sampled in,2000,The Hood Internet,2022,Drums,https://www.whosampled.com/static/images/media/track_images_100/mr6_202237_13303572190.jpg
Like Water for Chocolate,Common,2000,1,The Light,Common,was sampled in,Never See You Again,DJ Drama feat. Wale and Talia Coles,2011,Vocals / Lyrics,https://www.whosampled.com/static/images/media/track_images_100/mr6499_20111022_225120637961.jpg
Like Water for Chocolate,Common,2000,1,The Light,Common,was sampled in,Breathe (One),Fredfades and Ivan Ave,2014,Vocals / Lyrics,https://www.whosampled.com/static/images/media/track_images_100/mr13648_2017918_22444721900.jpg
Like Water for Chocolate,Common,2000,1,The Light,Common,was sampled in,A Little More,G-Eazy feat. Kiana Ledé,2021,Vocals / Lyrics,https://www.whosampled.com/static/images/media/track_images_100/mr271616_2022912_134941405054.jpg
Like Water for Chocolate,Common,2000,1,The Light,Common,was sampled in,Universal Love,"The Game feat. Chris Brown, Chlöe and Cassie",2022,Vocals / Lyrics,https://www.whosampled.com/static/images/media/track_images_100/mr282573_2022812_152015189097.jpg
Like Water for Chocolate,Common,2000,1,The Light,Common,was sampled in,A Carta,Fuse,2016,Vocals / Lyrics,https://www.whosampled.com/static/images/media/track_images_100/mr108424_2017228_154052639277.jpg
Like Water for Chocolate,Common,2000,1,The Light,Common,was sampled in,The Finale,Crooked I,2008,Multiple Elements,https://www.whosampled.com/static/images/media/track_images_100/mr11959_2013815_194033534780.jpg
Like Water for Chocolate,Common,2000,1,The Light,Common,was sampled in,Common - the Light (Freddie Joachim Remix),Freddie Joachim,2007,Vocals / Lyrics,https://www.whosampled.com/static/images/media/track_images_100/mr43425_2017410_51511658917.jpg
Like Water for Chocolate,Common,2000,1,The Light,Common,was sampled in,Jetlife,Bugoy Na Koykoy,2019,Multiple Elements,https://www.whosampled.com/static/images/media/track_images_100/mr179586_202258_36118494.jpg
Like Water for Chocolate,Common,2000,1,The Light,Common,was sampled in,Over Time,Terrace Martin feat. Musiq Soulchild,2013,Vocals / Lyrics,https://www.whosampled.com/static/images/media/track_images_100/mr44601_201666_04553908524.jpg
Like Water for Chocolate,Common,2000,1,The Light,Common,was sampled in,Judges Sixteen,"Indie Tribe, Nobigdyl., Jon Keith and Torey D'Shaun",2026,Vocals / Lyrics,https://www.whosampled.com/static/images/media/track_images_100/mr410999_2026327_22385708160.jpg
Like Water for Chocolate,Common,2000,1,The Light,Common,was sampled in,I Know You,Abstract Mindstate,2021,Vocals / Lyrics,https://www.whosampled.com/static/images/media/track_images_100/mr162578_202186_16384549419.jpg
Like Water for Chocolate,Common,2000,1,The Light,Common,was sampled in,El Mundo Al Revés,"Dr. Bene, Fenbeatz and DJ Perez",2015,Vocals / Lyrics,https://www.whosampled.com/static/images/media/track_images_100/mr62257_2016522_33854759858.jpg
Like Water for Chocolate,Common,2000,1,The Light,Common,was sampled in,God Is a Music,Beginner feat. Max Herre,2003,Vocals / Lyrics,https://www.whosampled.com/static/images/media/track_images_100/mr35106_2014823_181218657409.jpg
Like Water for Chocolate,Common,2000,1,The Light,Common,was sampled in,Forever,Lecrae,2016,Vocals / Lyrics,https://www.whosampled.com/static/images/media/track_images_100/mr18281_202022_8156206274.jpg
Like Water for Chocolate,Common,2000,1,The Light,Common,was sampled in,Child Support,Blu,2014,Vocals / Lyrics,https://www.whosampled.com/static/images/media/track_images_100/mr12352_2014519_152145815064.jpg
Like Water for Chocolate,Common,2000,1,The Light,Common,was sampled in,Universal,Bob Da Rage Sense,2009,Multiple Elements,https://www.whosampled.com/static/images/media/track_images_100/mr3705_202288_135142195263.jpg
Like Water for Chocolate,Common,2000,1,The Light,Common,was sampled in,The Ode,Nick Grant,2018,Vocals / Lyrics,https://www.whosampled.com/static/images/media/track_images_100/mr11050_2018613_41838898746.jpg
Like Water for Chocolate,Common,2000,1,The Light,Common,was sampled in,The Light (I'm Yours),Amerigo Gazaway,2017,Vocals / Lyrics,https://www.whosampled.com/static/images/media/track_images_100/mr1638_2017813_163713590356.jpg
Like Water for Chocolate,Common,2000,1,The Light,Common,was sampled in,Tu Sae,Ana Tijoux feat. Talib Kweli and Posdnuos,2024,Vocals / Lyrics,https://www.whosampled.com/static/images/media/track_images_100/mr271616_2024125_18264411042.jpg
Like Water for Chocolate,Common,2000,1,The Light,Common,was sampled in,For You,Dumbfoundead,2012,Vocals / Lyrics,https://www.whosampled.com/static/images/media/track_images_100/mr147063_2018629_203326444283.jpg
Like Water for Chocolate,Common,2000,1,The Light,Common,was sampled in,Round of Applause,The Nextmen feat. Dynamite MC,2009,Vocals / Lyrics,https://www.whosampled.com/static/images/media/track_images_100/mr1491_20091226_131052807477.jpg
Like Water for Chocolate,Common,2000,1,The Light,Common,was sampled in,40 Years of Hip Hop,The Hood Internet,2017,Multiple Elements,https://www.whosampled.com/static/images/media/track_images_100/mr63149_201768_1759744250.jpg
Like Water for Chocolate,Common,2000,1,The Light,Common,was sampled in,Love,Muzeone,2011,Vocals / Lyrics,https://www.whosampled.com/static/images/media/track_images_100/mr104214_2015916_11137125123.jpg
Like Water for Chocolate,Common,2000,1,The Light,Common,was sampled in,Never Knew,Liston,2020,Vocals / Lyrics,https://www.whosampled.com/static/images/media/track_images_100/mr154250_202382_1434179686.jpg
Like Water for Chocolate,Common,2000,1,The Light,Common,was sampled in,Summer Love,Cassper Nyovest and RAYE,2021,Vocals / Lyrics,https://www.whosampled.com/static/images/media/track_images_100/mr174063_2026819_161953184938.jpg
Like Water for Chocolate,Common,2000,1,The Light,Common,was sampled in,Grand Love,Grand Groove feat. Vito (David Rebollo),2013,Vocals / Lyrics,https://www.whosampled.com/static/images/media/track_images_100/mr359200_202428_24134535382.jpg
Like Water for Chocolate,Common,2000,1,The Light,Common,was sampled in,Did That,Something Good (Hip-hop),2009,Vocals / Lyrics,https://www.whosampled.com/static/images/media/track_images_100/mr154250_2022825_1221115452.jpg
Like Water for Chocolate,Common,2000,1,The Light,Common,covered in,The Light,Unwrapped,2001,Jazz / Blues,https://www.whosampled.com/static/images/media/track_images_100/mr20697_2013111_54110376586.jpg
Like Water for Chocolate,Common,2000,1,The Light,Common,covered in,The Light,Joe Ferry and Eric Helmuth,2006,Jazz / Blues,https://www.whosampled.com/static/images/media/track_images_100/mr20697_2022826_75810416970.jpg
Like Water for Chocolate,Common,2000,1,The Light,Common,remixed in,The Light (Remix),J Dilla,2000,Hip-Hop / Rap / R&B,https://www.whosampled.com/static/images/media/track_images_100/mr2929_20101116_145856424431.jpg
Like Water for Chocolate,Common,2000,1,The Light,Common,remixed in,The Light '08 (It's Love),Just Blaze,2008,Hip-Hop / Rap / R&B,https://www.whosampled.com/static/images/media/track_images_100/mr2825_2010531_2757335217.jpg
Like Water for Chocolate,Common,2000,1,The Light,Common,remixed in,The Light (Kero One Remix),Kero One,2007,Hip-Hop / Rap / R&B,https://www.whosampled.com/static/images/media/track_images_100/mr4519_2010611_94112936845.jpg
Like Water for Chocolate,Common,2000,2,The 6th Sense,Common feat. Bilal,sampled,Memories Are Here to Stay,The Intruders,1973,Multiple Elements,https://www.whosampled.com/static/images/media/track_images_100/mr416_2009131_1925035569.jpg
Like Water for Chocolate,Common,2000,2,The 6th Sense,Common feat. Bilal,sampled,The Revolution Will Not Be Televised,Gil Scott-Heron,1971,Vocals / Lyrics,https://www.whosampled.com/static/images/media/track_images_100/mr272_2009914_21937254787.jpg
Like Water for Chocolate,Common,2000,2,The 6th Sense,Common feat. Bilal,sampled,Allustrious,Mobb Deep,1999,Vocals / Lyrics,https://www.whosampled.com/static/images/media/track_images_100/mr100_2009811_32350599581.jpg
Like Water for Chocolate,Common,2000,2,The 6th Sense,Common feat. Bilal,was sampled in,Distant Land,Madlib,2003,Vocals / Lyrics,https://www.whosampled.com/static/images/media/track_images_100/mr17137_2010111_23459321331.jpg
Like Water for Chocolate,Common,2000,2,The 6th Sense,Common feat. Bilal,was sampled in,So(ul) Amazin' (Steel Blazin'),Blu and Exile,2007,Vocals / Lyrics,https://www.whosampled.com/static/images/media/track_images_100/mr7710_2010420_14428507971.jpg
Like Water for Chocolate,Common,2000,2,The 6th Sense,Common feat. Bilal,was sampled in,Fellows,Nujabes,2011,Vocals / Lyrics,https://www.whosampled.com/static/images/media/track_images_100/mr16522_2013421_153020586436.jpg
Like Water for Chocolate,Common,2000,2,The 6th Sense,Common feat. Bilal,was sampled in,Together,Chance the Rapper and DJ Premier,2024,Vocals / Lyrics,https://www.whosampled.com/static/images/media/track_images_100/mr13707_2024517_51626890158.jpg
Like Water for Chocolate,Common,2000,2,The 6th Sense,Common feat. Bilal,was sampled in,Revolutionary Theme Music,"DC the MIDI Alien feat. Esoteric, Main Flow and King Magnetic",2011,Vocals / Lyrics,https://www.whosampled.com/static/images/media/track_images_100/mr16743_201138_372865943.jpg
Like Water for Chocolate,Common,2000,2,The 6th Sense,Common feat. Bilal,was sampled in,Living the Dream,Soul Square feat. Justis,2010,Vocals / Lyrics,https://www.whosampled.com/static/images/media/track_images_100/mr168819_201763_85922885945.jpg
Like Water for Chocolate,Common,2000,2,The 6th Sense,Common feat. Bilal,was sampled in,All Love (The Movement),Madlib,2008,Vocals / Lyrics,https://www.whosampled.com/static/images/media/track_images_100/mr12352_20141217_1905624829.jpg
Like Water for Chocolate,Common,2000,2,The 6th Sense,Common feat. Bilal,was sampled in,Premier's X-Ecution,X-Ecutioners feat. DJ Premier,2002,Vocals / Lyrics,https://www.whosampled.com/static/images/media/track_images_100/mr870_200976_215250786966.jpg
Like Water for Chocolate,Common,2000,2,The 6th Sense,Common feat. Bilal,was sampled in,Dreader Than Dread,L'Entourloop and The Architect feat. Skara Mucci,2013,Vocals / Lyrics,https://www.whosampled.com/static/images/media/track_images_100/mr154250_202323_65549413593.jpg
Like Water for Chocolate,Common,2000,2,The 6th Sense,Common feat. Bilal,was sampled in,The 6th Sense,9th Wonder,2002,Vocals / Lyrics,https://www.whosampled.com/static/images/media/track_images_100/mr185344_2018930_182328517768.jpg
Like Water for Chocolate,Common,2000,2,The 6th Sense,Common feat. Bilal,was sampled in,Me Siento Bien,Movimiento Original,2011,Vocals / Lyrics,https://www.whosampled.com/static/images/media/track_images_100/mr62257_20131024_23292653086.jpg
Like Water for Chocolate,Common,2000,2,The 6th Sense,Common feat. Bilal,was sampled in,Planes,Movimiento Original feat. Bubaseta and Portavoz,2009,Vocals / Lyrics,https://www.whosampled.com/static/images/media/track_images_100/mr237137_202032_144121247574.jpg
Like Water for Chocolate,Common,2000,2,The 6th Sense,Common feat. Bilal,was sampled in,Jit,Dil Withers,2016,Vocals / Lyrics,https://www.whosampled.com/static/images/media/track_images_100/mr134176_201753_162725512794.jpg
Like Water for Chocolate,Common,2000,2,The 6th Sense,Common feat. Bilal,was sampled in,Lesson One (Tablo's Word),Epik High,2003,Vocals / Lyrics,https://www.whosampled.com/static/images/media/track_images_100/mr90260_2015712_13552441051.jpg
Like Water for Chocolate,Common,2000,2,The 6th Sense,Common feat. Bilal,was sampled in,Deixar De Ser,Mundo Segundo and Sam the Kid,2020,Vocals / Lyrics,https://www.whosampled.com/static/images/media/track_images_100/mr237137_2020114_12945395537.jpg
Like Water for Chocolate,Common,2000,2,The 6th Sense,Common feat. Bilal,was sampled in,Superstar (Behind the Scene),"Dynamic Duo feat. Tiger JK, Sean2Slow and DJ Tukutz",2004,Vocals / Lyrics,https://www.whosampled.com/static/images/media/track_images_100/mr90260_2015710_165921158303.jpg
Like Water for Chocolate,Common,2000,2,The 6th Sense,Common feat. Bilal,was sampled in,The Piece Maker,Tony Touch feat. Gang Starr,2000,Vocals / Lyrics,https://www.whosampled.com/static/images/media/track_images_100/mr31800_2012115_21308814534.jpg
Like Water for Chocolate,Common,2000,2,The 6th Sense,Common feat. Bilal,was sampled in,73 Touches,Hocus Pocus,2005,Vocals / Lyrics,https://www.whosampled.com/static/images/media/track_images_100/mr9941_2010415_105541672129.jpg
Like Water for Chocolate,Common,2000,2,The 6th Sense,Common feat. Bilal,was sampled in,THX,Słoń,2015,Vocals / Lyrics,https://www.whosampled.com/static/images/media/track_images_100/mr159569_201695_122114627365.jpg
Like Water for Chocolate,Common,2000,2,The 6th Sense,Common feat. Bilal,was sampled in,Soul Unusual,Blu and Exile,2026,Vocals / Lyrics,https://www.whosampled.com/static/images/media/track_images_100/mr311553_202632_163118422371.jpg
Like Water for Chocolate,Common,2000,2,The 6th Sense,Common feat. Bilal,was sampled in,Landscapes,Slaine feat. Vinnie Paz and Reef the Lost Cauze,2010,Vocals / Lyrics,https://www.whosampled.com/static/images/media/track_images_100/mr262390_2020410_01920586309.jpg
Like Water for Chocolate,Common,2000,2,The 6th Sense,Common feat. Bilal,was sampled in,Lesson 2 (Sunset),Epik High,2004,Vocals / Lyrics,https://www.whosampled.com/static/images/media/track_images_100/mr90260_2015712_134437332008.jpg
Like Water for Chocolate,Common,2000,2,The 6th Sense,Common feat. Bilal,was sampled in,Giorni Matti,Bassi Maestro feat. Ape and Zampa,2003,Vocals / Lyrics,https://www.whosampled.com/static/images/media/track_images_100/mr613_201323_62339229073.jpg
Like Water for Chocolate,Common,2000,2,The 6th Sense,Common feat. Bilal,was sampled in,A Moment in Time,Brous One feat. Niko Soprano,2012,Vocals / Lyrics,https://www.whosampled.com/static/images/media/track_images_100/mr62257_2013929_21282374208.jpg
Like Water for Chocolate,Common,2000,2,The 6th Sense,Common feat. Bilal,was sampled in,HOME. 3,JUSTHIS,2016,Vocals / Lyrics,https://www.whosampled.com/static/images/media/track_images_100/mr236639_201935_64711135173.jpg
Like Water for Chocolate,Common,2000,2,The 6th Sense,Common feat. Bilal,was sampled in,I Just Wanna Rhyme,Pumpkinhead,2005,Vocals / Lyrics,https://www.whosampled.com/static/images/media/track_images_100/mr5875_2011227_14537573319.jpg
Like Water for Chocolate,Common,2000,2,The 6th Sense,Common feat. Bilal,was sampled in,"Breath, Eyes, Memory",Talib Kweli and J. Rawls,2024,Vocals / Lyrics,https://www.whosampled.com/static/images/media/track_images_100/mr311553_2024924_141947740030.jpg
Like Water for Chocolate,Common,2000,2,The 6th Sense,Common feat. Bilal,was sampled in,All Stylz Anthem,Styly Cee feat. Karizma (2) and Midnyte,2001,Vocals / Lyrics,https://www.whosampled.com/static/images/media/track_images_100/mr32163_20111120_81139783829.jpg
Like Water for Chocolate,Common,2000,2,The 6th Sense,Common feat. Bilal,was sampled in,A Moment in Time,Evidence feat. Planet Asia,2007,Vocals / Lyrics,https://www.whosampled.com/static/images/media/track_images_100/mr64263_20121211_10525374287.jpg
Like Water for Chocolate,Common,2000,2,The 6th Sense,Common feat. Bilal,was sampled in,Words,Actual Proof,2011,Vocals / Lyrics,https://www.whosampled.com/static/images/media/track_images_100/mr12352_2011108_02625850559.jpg
Like Water for Chocolate,Common,2000,2,The 6th Sense,Common feat. Bilal,was sampled in,Hip Hop Quotable,A.G. feat. Aloe Blacc,2006,Vocals / Lyrics,https://www.whosampled.com/static/images/media/track_images_100/mr16478_2010119_205231900928.jpg
Like Water for Chocolate,Common,2000,2,The 6th Sense,Common feat. Bilal,was sampled in,I Love Hip Hop,Dj FastCut feat. Zampa and Kiave,2019,Vocals / Lyrics,https://www.whosampled.com/static/images/media/track_images_100/mr229606_2019320_20247127471.jpg
Like Water for Chocolate,Common,2000,2,The 6th Sense,Common feat. Bilal,was sampled in,Do Your Thing,The Insiders,2005,Vocals / Lyrics,https://www.whosampled.com/static/images/media/track_images_100/mr17555_2011825_132222581658.jpg
Like Water for Chocolate,Common,2000,2,The 6th Sense,Common feat. Bilal,was sampled in,Inspiration,Epsilon Project,2010,Multiple Elements,https://www.whosampled.com/static/images/media/track_images_100/mr62257_20131026_222414273829.jpg
Like Water for Chocolate,Common,2000,2,The 6th Sense,Common feat. Bilal,was sampled in,The Sixth Superstition,Amerigo Gazaway,2017,Vocals / Lyrics,https://www.whosampled.com/static/images/media/track_images_100/mr1638_2017813_15459940638.jpg
Like Water for Chocolate,Common,2000,2,The 6th Sense,Common feat. Bilal,was sampled in,Aqueducts,Chelsea Reject feat. Yoh the Shaolin,2013,Vocals / Lyrics,https://www.whosampled.com/static/images/media/track_images_100/mr379183_2026830_04350519194.jpg
Like Water for Chocolate,Common,2000,2,The 6th Sense,Common feat. Bilal,was sampled in,The Sixth Wonder,Amerigo Gazaway,2017,Multiple Elements,https://www.whosampled.com/static/images/media/track_images_100/mr1638_2017813_205323747659.jpg
Like Water for Chocolate,Common,2000,2,The 6th Sense,Common feat. Bilal,was sampled in,Unorthodox,Square One,2001,Vocals / Lyrics,https://www.whosampled.com/static/images/media/track_images_100/mr1638_20101219_145216263290.jpg
Like Water for Chocolate,Common,2000,2,The 6th Sense,Common feat. Bilal,was sampled in,Oddałbym,"Slums Attack, O.S.T.R. and Jeru the Damaja",2011,Vocals / Lyrics,https://www.whosampled.com/static/images/media/track_images_100/mr12409_2012620_235317272868.jpg
Like Water for Chocolate,Common,2000,2,The 6th Sense,Common feat. Bilal,was sampled in,Complex Man,Meccano Twins,2007,Vocals / Lyrics,https://www.whosampled.com/static/images/media/track_images_100/mr7710_20111129_224428720643.jpg
Like Water for Chocolate,Common,2000,2,The 6th Sense,Common feat. Bilal,was sampled in,Lesson 3 (Mc),Epik High,2005,Vocals / Lyrics,https://www.whosampled.com/static/images/media/track_images_100/mr57692_2013524_194417144784.jpg
Like Water for Chocolate,Common,2000,2,The 6th Sense,Common feat. Bilal,was sampled in,Tribute to the D.J.,M-Dot feat. Edo G and Singapore Kane,2010,Vocals / Lyrics,https://www.whosampled.com/static/images/media/track_images_100/mr39527_2012213_203844168575.jpg
Like Water for Chocolate,Common,2000,2,The 6th Sense,Common feat. Bilal,was sampled in,Combo Style,DJ Skizo feat. B. Briscik and Simo G,2016,Vocals / Lyrics,https://www.whosampled.com/static/images/media/track_images_100/mr21669_2017219_225344286070.jpg
Like Water for Chocolate,Common,2000,2,The 6th Sense,Common feat. Bilal,was sampled in,Revolution,Noisecontrollers,2009,Multiple Elements,https://www.whosampled.com/static/images/media/track_images_100/mr385391_2026517_15728694651.jpg
Like Water for Chocolate,Common,2000,2,The 6th Sense,Common feat. Bilal,was sampled in,"Nunca, Mesmo Nunca",Dealema,2008,Multiple Elements,https://www.whosampled.com/static/images/media/track_images_100/mr111513_2014827_10432775467.jpg
Like Water for Chocolate,Common,2000,2,The 6th Sense,Common feat. Bilal,was sampled in,Black Mamba,Granuja feat. Noiseferatu,2024,Vocals / Lyrics,https://www.whosampled.com/static/images/media/track_images_100/mr415010_20251115_221554957422.jpg
Like Water for Chocolate,Common,2000,2,The 6th Sense,Common feat. Bilal,was sampled in,Forward,LMNO and Mum's the Word,2004,Multiple Elements,https://www.whosampled.com/static/images/media/track_images_100/mr13029_2011110_20251314243.jpg
Like Water for Chocolate,Common,2000,2,The 6th Sense,Common feat. Bilal,was sampled in,Moments Suspendus,Chiens De Paille,2001,Vocals / Lyrics,https://www.whosampled.com/static/images/media/track_images_100/mr102693_201493_182957459386.jpg
Like Water for Chocolate,Common,2000,2,The 6th Sense,Common feat. Bilal,was sampled in,Trincheira De Emoções,Rato54,2021,Vocals / Lyrics,https://www.whosampled.com/static/images/media/track_images_100/mr108424_2026823_505585015.jpg
Like Water for Chocolate,Common,2000,2,The 6th Sense,Common feat. Bilal,was sampled in,Choppin' Niggas Up,X-Ecutioners,2002,Vocals / Lyrics,https://www.whosampled.com/static/images/media/track_images_100/mr17137_2011127_111634421398.jpg
Like Water for Chocolate,Common,2000,2,The 6th Sense,Common feat. Bilal,was sampled in,The Drill,Zion I,2002,Vocals / Lyrics,https://www.whosampled.com/static/images/media/track_images_100/mr35106_2014629_1329166695.jpg
Like Water for Chocolate,Common,2000,2,The 6th Sense,Common feat. Bilal,was sampled in,From the Soul,Square One,2001,Vocals / Lyrics,https://www.whosampled.com/static/images/media/track_images_100/mr35106_2014930_18828767239.jpg
Like Water for Chocolate,Common,2000,2,The 6th Sense,Common feat. Bilal,was sampled in,Rebellion Exercise,Menteroja,2002,Vocals / Lyrics,https://www.whosampled.com/static/images/media/track_images_100/mr81006_2013731_212057478542.jpg
Like Water for Chocolate,Common,2000,2,The 6th Sense,Common feat. Bilal,was sampled in,Immortalized,Lex and Buck feat. Debonair P,2024,Vocals / Lyrics,https://www.whosampled.com/static/images/media/track_images_100/mr1638_2024320_92441153980.jpg
Like Water for Chocolate,Common,2000,2,The 6th Sense,Common feat. Bilal,was sampled in,Vício,Mundo Segundo,2021,Vocals / Lyrics,https://www.whosampled.com/static/images/media/track_images_100/mr108424_2026623_2615255205.jpg
Like Water for Chocolate,Common,2000,2,The 6th Sense,Common feat. Bilal,was sampled in,서시,P-Type,2005,Vocals / Lyrics,https://www.whosampled.com/static/images/media/track_images_100/mr236639_2021226_12412740853.jpg
Like Water for Chocolate,Common,2000,2,The 6th Sense,Common feat. Bilal,was sampled in,From the Soul,Sazetrax,2018,Vocals / Lyrics,https://www.whosampled.com/static/images/media/track_images_100/mr136801_2019331_144843845893.jpg
Like Water for Chocolate,Common,2000,2,The 6th Sense,Common feat. Bilal,was sampled in,Audiovisuals,Move.Meant,2002,Vocals / Lyrics,https://www.whosampled.com/static/images/media/track_images_100/mr1638_201257_222324202377.jpg
Like Water for Chocolate,Common,2000,2,The 6th Sense,Common feat. Bilal,was sampled in,A Proper Introduction,Doujah Raze,2005,Vocals / Lyrics,https://www.whosampled.com/static/images/media/track_images_100/mr1638_2014126_0373063878.jpg
Like Water for Chocolate,Common,2000,2,The 6th Sense,Common feat. Bilal,was sampled in,I F*cking Hate Rappers,PackFM,2010,Vocals / Lyrics,https://www.whosampled.com/static/images/media/track_images_100/mr1536_20181110_132120591311.jpg
Like Water for Chocolate,Common,2000,2,The 6th Sense,Common feat. Bilal,was sampled in,Countdown,Square One,2001,Vocals / Lyrics,https://www.whosampled.com/static/images/media/track_images_100/mr35106_2014102_13325888536.jpg
Like Water for Chocolate,Common,2000,2,The 6th Sense,Common feat. Bilal,was sampled in,Revolution,Jack Beats,2010,Multiple Elements,https://www.whosampled.com/static/images/media/track_images_100/mr385896_2024724_72244671419.jpg
Like Water for Chocolate,Common,2000,2,The 6th Sense,Common feat. Bilal,was sampled in,Młody Gniewny,DJ Decks feat. Sarius and Oxon,2018,Vocals / Lyrics,https://www.whosampled.com/static/images/media/track_images_100/mr187280_2018616_134651377014.jpg
Like Water for Chocolate,Common,2000,2,The 6th Sense,Common feat. Bilal,was sampled in,La Jungla,Frainstrumentos feat. De Killtros,2008,Vocals / Lyrics,https://www.whosampled.com/static/images/media/track_images_100/mr62257_20121024_33449463453.jpg
Like Water for Chocolate,Common,2000,2,The 6th Sense,Common feat. Bilal,was sampled in,Impossible,Ancient Astronauts,2016,Vocals / Lyrics,https://www.whosampled.com/static/images/media/track_images_100/mr154250_202449_11243871714.jpg
Like Water for Chocolate,Common,2000,2,The 6th Sense,Common feat. Bilal,was sampled in,Almost Genuine,Defcon (Rapper) and Phonte,2005,Vocals / Lyrics,https://www.whosampled.com/static/images/media/track_images_100/mr1636_20091029_12591980682.jpg
Like Water for Chocolate,Common,2000,2,The 6th Sense,Common feat. Bilal,was sampled in,Paradies,Samra and BOJAN (Rapper),2021,Vocals / Lyrics,https://www.whosampled.com/static/images/media/track_images_100/mr277874_2024318_102629677437.jpg
Like Water for Chocolate,Common,2000,2,The 6th Sense,Common feat. Bilal,was sampled in,Danger Zone,Alien Army,2015,Vocals / Lyrics,https://www.whosampled.com/static/images/media/track_images_100/mr21669_2015318_203520672043.jpg
Like Water for Chocolate,Common,2000,2,The 6th Sense,Common feat. Bilal,was sampled in,The Shoes,"ChanHays feat. Ghettosocks, Homeboy Sandman and John Robinson",2017,Vocals / Lyrics,https://www.whosampled.com/static/images/media/track_images_100/mr365020_2026526_4557777993.jpg
Like Water for Chocolate,Common,2000,2,The 6th Sense,Common feat. Bilal,was sampled in,Introducción,Salvaje Decibel,2007,Vocals / Lyrics,https://www.whosampled.com/static/images/media/track_images_100/mr62257_20121228_3361219928.jpg
Like Water for Chocolate,Common,2000,2,The 6th Sense,Common feat. Bilal,was sampled in,O Verdadeiro,Boss AC feat. Black Company and DJ Ride,2018,Vocals / Lyrics,https://www.whosampled.com/static/images/media/track_images_100/mr108424_2022814_15274325258.jpg
Like Water for Chocolate,Common,2000,2,The 6th Sense,Common feat. Bilal,was sampled in,생각의 소리(Hidden Track),45RPM,2005,Vocals / Lyrics,https://www.whosampled.com/static/images/media/track_images_100/mr174433_202474_85739286039.jpg
Like Water for Chocolate,Common,2000,2,The 6th Sense,Common feat. Bilal,was sampled in,Article 14,Vox Sambou feat. The Narcicyst,2008,Vocals / Lyrics,https://www.whosampled.com/static/images/media/track_images_100/mr102693_2016520_1149863645.jpg
Like Water for Chocolate,Common,2000,2,The 6th Sense,Common feat. Bilal,was sampled in,One's Perspective,Hand Held Aspects,2003,Vocals / Lyrics,https://www.whosampled.com/static/images/media/track_images_100/mr359407_2025724_2154545299.jpg
Like Water for Chocolate,Common,2000,2,The 6th Sense,Common feat. Bilal,was sampled in,Klarsicht,"Def Kev, TimXtreme and Karibik Frank",2001,Vocals / Lyrics,https://www.whosampled.com/static/images/media/track_images_100/mr35106_20151019_16024108145.jpg
Like Water for Chocolate,Common,2000,2,The 6th Sense,Common feat. Bilal,was sampled in,Carta De Amor II,Mundo Complexo,2007,Vocals / Lyrics,https://www.whosampled.com/static/images/media/track_images_100/mr108424_202587_23339769553.jpg
Like Water for Chocolate,Common,2000,2,The 6th Sense,Common feat. Bilal,was sampled in,Rady Doceniaj,Ergo Rap,2012,Vocals / Lyrics,https://www.whosampled.com/static/images/media/track_images_100/mr187280_20191031_182251668904.jpg
Like Water for Chocolate,Common,2000,3,Nag Champa (Afrodisiac for the World),Common,sampled,Morning Order,Hugh Hopper and Alan Gowen,1980,Multiple Elements,https://www.whosampled.com/static/images/media/track_images_100/mr1783_200989_820769977.jpg
Like Water for Chocolate,Common,2000,3,Nag Champa (Afrodisiac for the World),Common,sampled,Running Away,Roy Ayers Ubiquity,1977,Hook / Riff,https://www.whosampled.com/static/images/media/track_images_100/mr2_20081016_124228454303.jpg
Like Water for Chocolate,Common,2000,3,Nag Champa (Afrodisiac for the World),Common,was sampled in,Butterflies,JoJo,2004,Sound FX / Other,https://www.whosampled.com/static/images/media/track_images_100/mr26798_2012913_125040976630.jpg
Like Water for Chocolate,Common,2000,3,Nag Champa (Afrodisiac for the World),Common,was sampled in,Dillagence,DJ Spinna feat. Phonte,2007,Vocals / Lyrics,https://www.whosampled.com/static/images/media/track_images_100/mr12352_2012111_10301887831.jpg
Like Water for Chocolate,Common,2000,3,Nag Champa (Afrodisiac for the World),Common,was sampled in,Slatke Male Maloletnice,Beogradski Sindikat,2001,Vocals / Lyrics,https://www.whosampled.com/static/images/media/track_images_100/mr41614_20201120_12565331161.jpg
Like Water for Chocolate,Common,2000,3,Nag Champa (Afrodisiac for the World),Common,was sampled in,Ode,Blu,2024,Multiple Elements,https://www.whosampled.com/static/images/media/track_images_100/mr87901_2024520_15252428292.jpg
Like Water for Chocolate,Common,2000,4,Thelonius,Common feat. Slum Village,sampled,Vulcan Mind Probe,George Duke,1982,Multiple Elements,https://www.whosampled.com/static/images/media/track_images_100/mr2929_201185_142327668822.jpg
Like Water for Chocolate,Common,2000,4,Thelonius,Common feat. Slum Village,sampled,Space Intro,Steve Miller Band,1976,Multiple Elements,https://www.whosampled.com/static/images/media/track_images_100/mr6528_201023_033947205.jpg
Like Water for Chocolate,Common,2000,4,Thelonius,Common feat. Slum Village,sampled,Michelle,The Singers Unlimited,1972,Vocals / Lyrics,https://www.whosampled.com/static/images/media/track_images_100/mr13925_20101219_222617860100.jpg
Like Water for Chocolate,Common,2000,4,Thelonius,Common feat. Slum Village,was sampled in,Collage,Median,2007,Vocals / Lyrics,https://www.whosampled.com/static/images/media/track_images_100/mr28943_2011626_023926950.jpg
Like Water for Chocolate,Common,2000,4,Thelonius,Common feat. Slum Village,was sampled in,Good God,Home Brew feat. Hollie Smith and Tyna Keelan,2012,Vocals / Lyrics,https://www.whosampled.com/static/images/media/track_images_100/mr18281_2014920_64926345680.jpg
Like Water for Chocolate,Common,2000,4,Thelonius,Common feat. Slum Village,was sampled in,J Dillalude,Robert Glasper Trio,2007,Multiple Elements,https://www.whosampled.com/static/images/media/track_images_100/mr283618_20201127_172615503885.jpg
Like Water for Chocolate,Common,2000,4,Thelonius,Common feat. Slum Village,was sampled in,THELONIUS,Igmar Thomas' Revive Big Band feat. Talib Kweli,2024,Multiple Elements,https://www.whosampled.com/static/images/media/track_images_100/mr347583_20251215_214745865364.jpg
Like Water for Chocolate,Common,2000,5,Dooinit,Common,sampled,Give It to Me Baby,Rick James,1981,Bass,https://www.whosampled.com/static/images/media/track_images_100/mr2_2013410_155235830421.jpg
Like Water for Chocolate,Common,2000,5,Dooinit,Common,sampled,Car Horn,Common and The 45 King,1999,Vocals / Lyrics,https://www.whosampled.com/static/images/media/track_images_100/mr1638_2011829_184216116851.jpg
Like Water for Chocolate,Common,2000,5,Dooinit,Common,was sampled in,Let's Pray Together,J Dilla feat. Amp Fiddler,2012,Multiple Elements,https://www.whosampled.com/static/images/media/track_images_100/mr59035_2012829_17539734189.jpg
Like Water for Chocolate,Common,2000,5,Dooinit,Common,was sampled in,The $,J Dilla,2003,Vocals / Lyrics,https://www.whosampled.com/static/images/media/track_images_100/mr2929_20101230_1124527740.jpg
Like Water for Chocolate,Common,2000,5,Dooinit,Common,was sampled in,Now and Then,Common and Pete Rock,2024,Vocals / Lyrics,https://www.whosampled.com/static/images/media/track_images_100/mr123981_2024711_1623942663.jpg
Like Water for Chocolate,Common,2000,5,Dooinit,Common,was sampled in,On the Lookout,Kan Kick feat. Kombo and Wildchild,2001,Vocals / Lyrics,https://www.whosampled.com/static/images/media/track_images_100/mr21472_201447_211720879777.jpg
Like Water for Chocolate,Common,2000,5,Dooinit,Common,was sampled in,Ambassadors,Strong Arm Steady feat. Planet Asia and Chace Infinite,2010,Vocals / Lyrics,https://www.whosampled.com/static/images/media/track_images_100/mr21270_201195_2355141026.jpg
Like Water for Chocolate,Common,2000,5,Dooinit,Common,was sampled in,Keep On,Dwele feat. Slum Village,2005,Vocals / Lyrics,https://www.whosampled.com/static/images/media/track_images_100/mr12352_2011510_173120413672.jpg
Like Water for Chocolate,Common,2000,5,Dooinit,Common,was sampled in,Dirt Bells,Black Milk,2014,Vocals / Lyrics,https://www.whosampled.com/static/images/media/track_images_100/mr12352_201479_6139427825.jpg
Like Water for Chocolate,Common,2000,5,Dooinit,Common,was sampled in,Neo Funk,Pete Rock,2019,Vocals / Lyrics,https://www.whosampled.com/static/images/media/track_images_100/mr185344_2019426_164052507405.jpg
Like Water for Chocolate,Common,2000,5,Dooinit,Common,was sampled in,Move Back,Talib Kweli,2004,Vocals / Lyrics,https://www.whosampled.com/static/images/media/track_images_100/mr2825_2011617_232223969439.jpg
Like Water for Chocolate,Common,2000,5,Dooinit,Common,was sampled in,Keep It On,Karriem Riggins,2017,Vocals / Lyrics,https://www.whosampled.com/static/images/media/track_images_100/mr146860_2017224_213256764846.jpg
Like Water for Chocolate,Common,2000,5,Dooinit,Common,was sampled in,Dedicated,Moods,2012,Vocals / Lyrics,https://www.whosampled.com/static/images/media/track_images_100/mr100822_201452_131051898257.jpg
Like Water for Chocolate,Common,2000,5,Dooinit,Common,was sampled in,Doinit ('Til the End),Freddie Joachim,2014,Vocals / Lyrics,https://www.whosampled.com/static/images/redesign/misc/no_artwork.png
Like Water for Chocolate,Common,2000,5,Dooinit,Common,was sampled in,FUNDāMENTORS,Lil Supa,2007,Multiple Elements,https://www.whosampled.com/static/images/media/track_images_100/mr438501_2026331_4434873463.jpg
Like Water for Chocolate,Common,2000,5,Dooinit,Common,was sampled in,Move Back,Azad,2019,Vocals / Lyrics,https://www.whosampled.com/static/images/media/track_images_100/mr277874_2024513_101612881900.jpg
Like Water for Chocolate,Common,2000,5,Dooinit,Common,was sampled in,Aristokrat,Crypt and Galv feat. Tesla Alset and Tunafleur,2017,Vocals / Lyrics,https://www.whosampled.com/static/images/media/track_images_100/mr13648_201842_16452465689.jpg
Like Water for Chocolate,Common,2000,5,Dooinit,Common,was sampled in,The Re-Match,DJ Revolution feat. DJ Spinbad,2008,Vocals / Lyrics,https://www.whosampled.com/static/images/media/track_images_100/mr71142_201359_02344375696.jpg
Like Water for Chocolate,Common,2000,5,Dooinit,Common,was sampled in,Grey Poupon,Elaquent feat. Octavio Santos,2012,Vocals / Lyrics,https://www.whosampled.com/static/images/media/track_images_100/mr154250_2025716_113931242934.jpg
Like Water for Chocolate,Common,2000,5,Dooinit,Common,was sampled in,Val in Time,Eric Lau,2018,Vocals / Lyrics,https://www.whosampled.com/static/images/media/track_images_100/mr197805_2021830_174311682680.jpg
Like Water for Chocolate,Common,2000,5,Dooinit,Common,was sampled in,Go Back to Where?,Donwill,2021,Vocals / Lyrics,https://www.whosampled.com/static/images/media/track_images_100/mr44601_20211229_74545193852.jpg
Like Water for Chocolate,Common,2000,5,Dooinit,Common,was sampled in,MPD 590 - 3 (To the End),The Beatknitter,2017,Vocals / Lyrics,https://www.whosampled.com/static/images/media/track_images_100/mr154250_2025716_114532826040.jpg
Like Water for Chocolate,Common,2000,6,Pops Rap III... All My Children,"Common feat. Lonnie ""Pops"" Lynn",sampled,Water No Get Enemy,Fela Kuti,1975,Hook / Riff,https://www.whosampled.com/static/images/media/track_images_100/mr2526_2009810_125259958641.jpg
Like Water for Chocolate,Common,2000,6,Pops Rap III... All My Children,"Common feat. Lonnie ""Pops"" Lynn",sampled,Next Lifetime,Erykah Badu,1997,Vocals / Lyrics,https://www.whosampled.com/static/images/media/track_images_100/mr60124_2015512_165531924389.jpg
Like Water for Chocolate,Common,2000,7,The Questions,Common feat. Mos Def,sampled,Got 'Til It's Gone,Janet Jackson feat. Q-Tip and Joni Mitchell,1997,Vocals / Lyrics,https://www.whosampled.com/static/images/media/track_images_100/mr272_20081226_3121882142.jpg
Like Water for Chocolate,Common,2000,7,The Questions,Common feat. Mos Def,was sampled in,香格里拉,國蛋 GorDoN,2011,Multiple Elements,https://www.whosampled.com/static/images/media/track_images_100/mr350984_2025617_171435421141.jpg
Like Water for Chocolate,Common,2000,8,Funky for You,Common feat. Bilal and Jill Scott,sampled,Spirit of Summer,Deodato,1972,Sound FX / Other,https://www.whosampled.com/static/images/media/track_images_100/mr13648_2010918_233051410901.jpg
Like Water for Chocolate,Common,2000,8,Funky for You,Common feat. Bilal and Jill Scott,sampled,Take Your Time (Do It Right),The S.O.S. Band,1980,Vocals / Lyrics,https://www.whosampled.com/static/images/media/track_images_100/mr2_20081122_104339580716.jpg
Like Water for Chocolate,Common,2000,8,Funky for You,Common feat. Bilal and Jill Scott,sampled,Krs-One Attacks,KRS-One,1993,Vocals / Lyrics,https://www.whosampled.com/static/images/media/track_images_100/mr25_2008105_132351755515.jpg
Like Water for Chocolate,Common,2000,8,Funky for You,Common feat. Bilal and Jill Scott,sampled,Gangsta Gangsta,N.W.A,1988,Vocals / Lyrics,https://www.whosampled.com/static/images/media/track_images_100/mr53041_2020416_1834063785.jpg
Like Water for Chocolate,Common,2000,9,Heat,Common,sampled,Asiko (In a Silent Mix),Tony Allen,1999,Multiple Elements,https://www.whosampled.com/static/images/media/track_images_100/mr2_20081114_16464774170.jpg
Like Water for Chocolate,Common,2000,9,Heat,Common,was sampled in,One-Twenty,Eyedea & Abilities,2004,Vocals / Lyrics,https://www.whosampled.com/static/images/media/track_images_100/mr21270_20111023_221631281896.jpg
Like Water for Chocolate,Common,2000,10,Cold Blooded,Common,sampled,Funkin' for Fun,Parliament,1976,Hook / Riff,https://www.whosampled.com/static/images/media/track_images_100/mr2_20081114_17013621883.jpg
Like Water for Chocolate,Common,2000,10,Cold Blooded,Common,sampled,Doing It to Death,Fred Wesley and The J.B.'s,1973,Vocals / Lyrics,https://www.whosampled.com/static/images/media/track_images_100/mr2848_2010724_131456293811.jpg
Like Water for Chocolate,Common,2000,10,Cold Blooded,Common,sampled,Space Intro,Steve Miller Band,1976,Sound FX / Other,https://www.whosampled.com/static/images/media/track_images_100/mr6528_201023_033947205.jpg
Like Water for Chocolate,Common,2000,11,Geto Heaven,Common feat. D'Angelo,sampled,Ghetto Heaven (Soul II Soul Remix),The Family Stand,1990,Vocals / Lyrics,https://www.whosampled.com/static/images/media/track_images_100/mr77_20081114_33139572462.jpg
Like Water for Chocolate,Common,2000,11,Geto Heaven,Common feat. D'Angelo,was sampled in,The Wake,Billy Woods,2012,Vocals / Lyrics,https://www.whosampled.com/static/images/media/track_images_100/mr87793_20141111_1149827443.jpg
Like Water for Chocolate,Common,2000,11,Geto Heaven,Common feat. D'Angelo,remixed in,Geto Heaven (T.S.O.I. Remix),The Soulquarians,2001,Hip-Hop / Rap / R&B,https://www.whosampled.com/static/images/media/track_images_100/mr13029_201123_23944140009.jpg
Like Water for Chocolate,Common,2000,12,A Film Called (Pimp),Common,sampled,Brazilian Skies,Bill Summers,1976,Multiple Elements,https://www.whosampled.com/static/images/media/track_images_100/mr26798_2011527_235918582658.jpg
Like Water for Chocolate,Common,2000,12,A Film Called (Pimp),Common,sampled,I Try (Jay Dee Mix),Macy Gray,1999,Multiple Elements,https://www.whosampled.com/static/images/media/track_images_100/mr17137_20111111_7143271734.jpg
Like Water for Chocolate,Common,2000,13,Payback Is a Grandmother,Common,sampled,S.U.S.,Placebo (Jazz Band),1974,Multiple Elements,https://www.whosampled.com/static/images/media/track_images_100/mr21472_2012731_184751158597.jpg
Like Water for Chocolate,Common,2000,13,Payback Is a Grandmother,Common,sampled,The Payback,James Brown,1973,Vocals / Lyrics,https://www.whosampled.com/static/images/media/track_images_100/mr2_200899_1893850066.jpg
Like Water for Chocolate,Common,2000,13,Payback Is a Grandmother,Common,sampled,Right on Time,Maze Featuring Frankie Beverly,1983,Hook / Riff,https://www.whosampled.com/static/images/media/track_images_100/mr12591_20141214_6365569228.jpg
